{
  "project_info": {
    "project_number": "489276769204",
    "project_id": "spaceship-escape-dcb9f",
    "storage_bucket": "spaceship-escape-dcb9f.appspot.com"
  },
  "client": [
    {
      "client_info": {
        "mobilesdk_app_id": "1:489276769204:android:fd9b04733abd3f974728e1",
        "android_client_info": {
          "package_name": "com.example.capstone_spaceship_escape_mark_irwin"
        }
      },
      "oauth_client": [],
      "api_key": [
        {
          "current_key": "AIzaSyDrG1Nakzum1pV1l3pOfmnbfmjykcZIXFY"
        }
      ],
      "services": {
        "appinvite_service": {
          "other_platform_oauth_client": []
        }
      }
    }
  ],
  "configuration_version": "1"
}